Scheme,VaR95,CVaR95
Axis Bluechip,5.9391064399283453e-05,-0.00020452299281356783
ICICI Bluechip,-0.014597839057109228,-0.028619235409210936
Kotak Bluechip,-0.014235099570939208,-0.023848831520636635
Nippon Large Cap,-0.015860162475609008,-0.024661090278961045
SBI Bluechip,-0.001019355310314185,-0.008438260161434242
