Fund,Alpha,Beta
Axis,0.054790316466929063,-0.008793743819951742
ICICI,1.374260788825805,-0.23679017987254952
Kotak,1.0722797513342652,0.12519119040624427
Nippon,1.3599262164413748,0.28710581259407586
SBI,0.01498540406200617,-0.04786590907763146
