Fund,Years,CAGR
Axis,1,257.24364371457153
Axis,3,5.368100082726353
Axis,5,2.0367282398146966
ICICI,1,6.185453867809628
ICICI,3,0.929677509524421
ICICI,5,0.4835112398069341
Kotak,1,7.21924293312772
Kotak,3,1.0181058390990945
Kotak,5,0.5239347186976624
Nippon,1,5.857485013642518
Nippon,3,0.8998601017624754
Nippon,5,0.4697144815480949
SBI,1,0.028309058024831524
SBI,3,0.009348682459588309
SBI,5,0.005598767232149138
