Fund,Maximum Drawdown
Axis,-0.013923580128646473
ICICI,-1.0
Kotak,-0.33429874666118753
Nippon,-0.3996075381332732
SBI,-0.36651701755201316
