Fund,Sharpe Ratio
Kotak,0.6950969369481778
Nippon,0.5729150426217546
Axis,0.265456966955413
SBI,-0.6775081862757396
ICICI,
