Fund,Sortino Ratio
Axis,648.5282778659318
ICICI,inf
Kotak,0.808852812783564
Nippon,0.7103088442255335
SBI,-0.38367427694909784
