Fund,Tracking Error
Axis,0.06608894153179987
ICICI,0.13872492701452094
Kotak,0.11276437903793378
Nippon,0.12791001627405335
SBI,0.06867715284546268
